language,thread_count,run_count,mean_real_time,stdev_real_time
C,1,10,1.8278,0.010454
C,4,10,0.7727,0.021929
C,8,10,0.6952,0.011755
rust,1,10,3.1425,0.035557
rust,4,10,1.146,0.013719
rust,8,10,0.8976,0.014661
